id,en,ja,fr,de,es,it
1,Bulbasaur,フシギダネ,Bulbizarre,Bisasam,Bulbasaur,Bulbasaur
2,Ivysaur,フシギソウ,Herbizarre,Bisaknosp,Ivysaur,Ivysaur
3,Venusaur,フシギバナ,Florizarre,Bisaflor,Venusaur,Venusaur
4,Charmander,ヒトカゲ,Salamèche,Glumanda,Charmander,Charmander
5,Charmeleon,リザード,Reptincel,Glutexo,Charmeleon,Charmeleon
6,Charizard,リザードン,Dracaufeu,Glurak,Charizard,Charizard
7,Squirtle,ゼニガメ,Carapuce,Schiggy,Squirtle,Squirtle
8,Wartortle,カメール,Carabaffe,Schillok,Wartortle,Wartortle
9,Blastoise,カメックス,Tortank,Turtok,Blastoise,Blastoise
10,Caterpie,キャタピー,Chenipan,Raupy,Caterpie,Caterpie
11,Metapod,トランセル,Chrysacier,Safcon,Metapod,Metapod
12,Butterfree,バタフリー,Papilusion,Smettbo,Butterfree,Butterfree
13,Weedle,ビードル,Aspicot,Hornliu,Weedle,Weedle
14,Kakuna,コクーン,Coconfort,Kokuna,Kakuna,Kakuna
15,Beedrill,スピアー,Dardargnan,Bibor,Beedrill,Beedrill
16,Pidgey,ポッポ,Roucool,Taubsi,Pidgey,Pidgey
17,Pidgeotto,ピジョン,Roucoups,Tauboga,Pidgeotto,Pidgeotto
18,Pidgeot,ピジョット,Roucarnage,Tauboss,Pidgeot,Pidgeot
19,Rattata,コラッタ,Rattata,Rattfratz,Rattata,Rattata
20,Raticate,ラッタ,Rattatac,Rattikarl,Raticate,Raticate
21,Spearow,オニスズメ,Piafabec,Habitak,Spearow,Spearow
22,Fearow,オニドリル,Rapasdepic,Ibitak,Fearow,Fearow
23,Ekans,アーボ,Abo,Rettan,Ekans,Ekans
24,Arbok,アーボック,Arbok,Arbok,Arbok,Arbok
25,Pikachu,ピカチュウ,Pikachu,Pikachu,Pikachu,Pikachu
26,Raichu,ライチュウ,Raichu,Raichu,Raichu,Raichu
27,Sandshrew,サンド,Sabelette,Sandan,Sandshrew,Sandshrew
28,Sandslash,サンドパン,Sablaireau,Sandamer,Sandslash,Sandslash
29,Nidoran♀,ニドラン♀,Nidoran♀,Nidoran♀,Nidoran♀,Nidoran♀
30,Nidorina,ニドリーナ,Nidorina,Nidorina,Nidorina,Nidorina
31,Nidoqueen,ニドクイン,Nidoqueen,Nidoqueen,Nidoqueen,Nidoqueen
32,Nidoran♂,ニドラン♂,Nidoran♂,Nidoran♂,Nidoran♂,Nidoran♂
33,Nidorino,ニドリーノ,Nidorino,Nidorino,Nidorino,Nidorino
34,Nidoking,ニドキング,Nidoking,Nidoking,Nidoking,Nidoking
35,Clefairy,ピッピ,Mélofée,Piepi,Clefairy,Clefairy
36,Clefable,ピクシー,Mélodelfe,Pixi,Clefable,Clefable
37,Vulpix,ロコン,Goupix,Vulpix,Vulpix,Vulpix
38,Ninetales,キュウコン,Feunard,Vulnona,Ninetales,Ninetales
39,Jigglypuff,プリン,Rondoudou,Pummeluff,Jigglypuff,Jigglypuff
40,Wigglytuff,プクリン,Grodoudou,Knuddeluff,Wigglytuff,Wigglytuff
41,Zubat,ズバット,Nosferapti,Zubat,Zubat,Zubat
42,Golbat,ゴルバット,Nosferalto,Golbat,Golbat,Golbat
43,Oddish,ナゾノクサ,Mystherbe,Myrapla,Oddish,Oddish
44,Gloom,クサイハナ,Ortide,Duflor,Gloom,Gloom
45,Vileplume,ラフレシア,Rafflesia,Giflor,Vileplume,Vileplume
46,Paras,パラス,Paras,Paras,Paras,Paras
47,Parasect,パラセクト,Parasect,Parasek,Parasect,Parasect
48,Venonat,コンパン,Mimitoss,Bluzuk,Venonat,Venonat
49,Venomoth,モルフォン,Aéromite,Omot,Venomoth,Venomoth
50,Diglett,ディグダ,Taupiqueur,Digda,Diglett,Diglett
51,Dugtrio,ダグトリオ,Triopikeur,Digdri,Dugtrio,Dugtrio
52,Meowth,ニャース,Miaouss,Mauzi,Meowth,Meowth
53,Persian,ペルシアン,Persian,Snobilikat,Persian,Persian
54,Psyduck,コダック,Psykokwak,Enton,Psyduck,Psyduck
55,Golduck,ゴルダック,Akwakwak,Entoron,Golduck,Golduck
56,Mankey,マンキー,Férosinge,Menki,Mankey,Mankey
57,Primeape,オコリザル,Colossinge,Rasaff,Primeape,Primeape
58,Growlithe,ガーディ,Caninos,Fukano,Growlithe,Growlithe
59,Arcanine,ウインディ,Arcanin,Arkani,Arcanine,Arcanine
60,Poliwag,ニョロモ,Ptitard,Quapsel,Poliwag,Poliwag
61,Poliwhirl,ニョロゾ,Têtarte,Quaputzi,Poliwhirl,Poliwhirl
62,Poliwrath,ニョロボン,Tartard,Quappo,Poliwrath,Poliwrath
63,Abra,ケーシィ,Abra,Abra,Abra,Abra
64,Kadabra,ユンゲラー,Kadabra,Kadabra,Kadabra,Kadabra
65,Alakazam,フーディン,Alakazam,Simsala,Alakazam,Alakazam
66,Machop,ワンリキー,Machoc,Machollo,Machop,Machop
67,Machoke,ゴーリキー,Machopeur,Maschock,Machoke,Machoke
68,Machamp,カイリキー,Mackogneur,Machomei,Machamp,Machamp
69,Bellsprout,マダツボミ,Chétiflor,Knofensa,Bellsprout,Bellsprout
70,Weepinbell,ウツドン,Boustiflor,Ultrigaria,Weepinbell,Weepinbell
71,Victreebel,ウツボット,Empiflor,Sarzenia,Victreebel,Victreebel
72,Tentacool,メノクラゲ,Tentacool,Tentacha,Tentacool,Tentacool
73,Tentacruel,ドククラゲ,Tentacruel,Tentoxa,Tentacruel,Tentacruel
74,Geodude,イシツブテ,Racaillou,Kleinstein,Geodude,Geodude
75,Graveler,ゴローン,Gravalanch,Georok,Graveler,Graveler
76,Golem,ゴローニャ,Grolem,Geowaz,Golem,Golem
77,Ponyta,ポニータ,Ponyta,Ponita,Ponyta,Ponyta
78,Rapidash,ギャロップ,Galopa,Gallopa,Rapidash,Rapidash
79,Slowpoke,ヤドン,Ramoloss,Flegmon,Slowpoke,Slowpoke
80,Slowbro,ヤドラン,Flagadoss,Lahmus,Slowbro,Slowbro
81,Magnemite,コイル,Magnéti,Magnetilo,Magnemite,Magnemite
82,Magneton,レアコイル,Magnéton,Magneton,Magneton,Magneton
83,Farfetch’d,カモネギ,Canarticho,Porenta,Farfetch’d,Farfetch’d
84,Doduo,ドードー,Doduo,Dodu,Doduo,Doduo
85,Dodrio,ドードリオ,Dodrio,Dodri,Dodrio,Dodrio
86,Seel,パウワウ,Otaria,Jurob,Seel,Seel
87,Dewgong,ジュゴン,Lamantine,Jugong,Dewgong,Dewgong
88,Grimer,ベトベター,Tadmorv,Sleima,Grimer,Grimer
89,Muk,ベトベトン,Grotadmorv,Sleimok,Muk,Muk
90,Shellder,シェルダー,Kokiyas,Muschas,Shellder,Shellder
91,Cloyster,パルシェン,Crustabri,Austos,Cloyster,Cloyster
92,Gastly,ゴース,Fantominus,Nebulak,Gastly,Gastly
93,Haunter,ゴースト,Spectrum,Alpollo,Haunter,Haunter
94,Gengar,ゲンガー,Ectoplasma,Gengar,Gengar,Gengar
95,Onix,イワーク,Onix,Onix,Onix,Onix
96,Drowzee,スリープ,Soporifik,Traumato,Drowzee,Drowzee
97,Hypno,スリーパー,Hypnomade,Hypno,Hypno,Hypno
98,Krabby,クラブ,Krabby,Krabby,Krabby,Krabby
99,Kingler,キングラー,Krabboss,Kingler,Kingler,Kingler
100,Voltorb,ビリリダマ,Voltorbe,Voltobal,Voltorb,Voltorb
101,Electrode,マルマイン,Électrode,Lektrobal,Electrode,Electrode
102,Exeggcute,タマタマ,Noeunoeuf,Owei,Exeggcute,Exeggcute
103,Exeggutor,ナッシー,Noadkoko,Kokowei,Exeggutor,Exeggutor
104,Cubone,カラカラ,Osselait,Tragosso,Cubone,Cubone
105,Marowak,ガラガラ,Ossatueur,Knogga,Marowak,Marowak
106,Hitmonlee,サワムラー,Kicklee,Kicklee,Hitmonlee,Hitmonlee
107,Hitmonchan,エビワラー,Tygnon,Nockchan,Hitmonchan,Hitmonchan
108,Lickitung,ベロリンガ,Excelangue,Schlurp,Lickitung,Lickitung
109,Koffing,ドガース,Smogo,Smogon,Koffing,Koffing
110,Weezing,マタドガス,Smogogo,Smogmog,Weezing,Weezing
111,Rhyhorn,サイホーン,Rhinocorne,Rihorn,Rhyhorn,Rhyhorn
112,Rhydon,サイドン,Rhinoféros,Rizeros,Rhydon,Rhydon
113,Chansey,ラッキー,Leveinard,Chaneira,Chansey,Chansey
114,Tangela,モンジャラ,Saquedeneu,Tangela,Tangela,Tangela
115,Kangaskhan,ガルーラ,Kangourex,Kangama,Kangaskhan,Kangaskhan
116,Horsea,タッツー,Hypotrempe,Seeper,Horsea,Horsea
117,Seadra,シードラ,Hypocéan,Seemon,Seadra,Seadra
118,Goldeen,トサキント,Poissirène,Goldini,Goldeen,Goldeen
119,Seaking,アズマオウ,Poissoroy,Golking,Seaking,Seaking
120,Staryu,ヒトデマン,Stari,Sterndu,Staryu,Staryu
121,Starmie,スターミー,Staross,Starmie,Starmie,Starmie
122,Mr. Mime,バリヤード,M. Mime,Pantimos,Mr. Mime,Mr. Mime
123,Scyther,ストライク,Insécateur,Sichlor,Scyther,Scyther
124,Jynx,ルージュラ,Lippoutou,Rossana,Jynx,Jynx
125,Electabuzz,エレブー,Élektek,Elektek,Electabuzz,Electabuzz
126,Magmar,ブーバー,Magmar,Magmar,Magmar,Magmar
127,Pinsir,カイロス,Scarabrute,Pinsir,Pinsir,Pinsir
128,Tauros,ケンタロス,Tauros,Tauros,Tauros,Tauros
129,Magikarp,コイキング,Magicarpe,Karpador,Magikarp,Magikarp
130,Gyarados,ギャラドス,Léviator,Garados,Gyarados,Gyarados
131,Lapras,ラプラス,Lokhlass,Lapras,Lapras,Lapras
132,Ditto,メタモン,Métamorph,Ditto,Ditto,Ditto
133,Eevee,イーブイ,Évoli,Evoli,Eevee,Eevee
134,Vaporeon,シャワーズ,Aquali,Aquana,Vaporeon,Vaporeon
135,Jolteon,サンダース,Voltali,Blitza,Jolteon,Jolteon
136,Flareon,ブースター,Pyroli,Flamara,Flareon,Flareon
137,Porygon,ポリゴン,Porygon,Porygon,Porygon,Porygon
138,Omanyte,オムナイト,Amonita,Amonitas,Omanyte,Omanyte
139,Omastar,オムスター,Amonistar,Amoroso,Omastar,Omastar
140,Kabuto,カブト,Kabuto,Kabuto,Kabuto,Kabuto
141,Kabutops,カブトプス,Kabutops,Kabutops,Kabutops,Kabutops
142,Aerodactyl,プテラ,Ptéra,Aerodactyl,Aerodactyl,Aerodactyl
143,Snorlax,カビゴン,Ronflex,Relaxo,Snorlax,Snorlax
144,Articuno,フリーザー,Artikodin,Arktos,Articuno,Articuno
145,Zapdos,サンダー,Électhor,Zapdos,Zapdos,Zapdos
146,Moltres,ファイヤー,Sulfura,Lavados,Moltres,Moltres
147,Dratini,ミニリュウ,Minidraco,Dratini,Dratini,Dratini
148,Dragonair,ハクリュー,Draco,Dragonir,Dragonair,Dragonair
149,Dragonite,カイリュー,Dracolosse,Dragoran,Dragonite,Dragonite
150,Mewtwo,ミュウツー,Mewtwo,Mewtu,Mewtwo,Mewtwo
151,Mew,ミュウ,Mew,Mew,Mew,Mew
152,Chikorita,チコリータ,Germignon,Endivie,Chikorita,Chikorita
153,Bayleef,ベイリーフ,Macronium,Lorblatt,Bayleef,Bayleef
154,Meganium,メガニウム,Méganium,Meganie,Meganium,Meganium
155,Cyndaquil,ヒノアラシ,Héricendre,Feurigel,Cyndaquil,Cyndaquil
156,Quilava,マグマラシ,Feurisson,Igelavar,Quilava,Quilava
157,Typhlosion,バクフーン,Typhlosion,Tornupto,Typhlosion,Typhlosion
158,Totodile,ワニノコ,Kaiminus,Karnimani,Totodile,Totodile
159,Croconaw,アリゲイツ,Crocrodil,Tyracroc,Croconaw,Croconaw
160,Feraligatr,オーダイル,Aligatueur,Impergator,Feraligatr,Feraligatr
161,Sentret,オタチ,Fouinette,Wiesor,Sentret,Sentret
162,Furret,オオタチ,Fouinar,Wiesenior,Furret,Furret
163,Hoothoot,ホーホー,Hoothoot,Hoothoot,Hoothoot,Hoothoot
164,Noctowl,ヨルノズク,Noarfang,Noctuh,Noctowl,Noctowl
165,Ledyba,レディバ,Coxy,Ledyba,Ledyba,Ledyba
166,Ledian,レディアン,Coxyclaque,Ledian,Ledian,Ledian
167,Spinarak,イトマル,Mimigal,Webarak,Spinarak,Spinarak
168,Ariados,アリアドス,Migalos,Ariados,Ariados,Ariados
169,Crobat,クロバット,Nostenfer,Iksbat,Crobat,Crobat
170,Chinchou,チョンチー,Loupio,Lampi,Chinchou,Chinchou
171,Lanturn,ランターン,Lanturn,Lanturn,Lanturn,Lanturn
172,Pichu,ピチュー,Pichu,Pichu,Pichu,Pichu
173,Cleffa,ピィ,Mélo,Pii,Cleffa,Cleffa
174,Igglybuff,ププリン,Toudoudou,Fluffeluff,Igglybuff,Igglybuff
175,Togepi,トゲピー,Togepi,Togepi,Togepi,Togepi
176,Togetic,トゲチック,Togetic,Togetic,Togetic,Togetic
177,Natu,ネイティ,Natu,Natu,Natu,Natu
178,Xatu,ネイティオ,Xatu,Xatu,Xatu,Xatu
179,Mareep,メリープ,Wattouat,Voltilamm,Mareep,Mareep
180,Flaaffy,モココ,Lainergie,Waaty,Flaaffy,Flaaffy
181,Ampharos,デンリュウ,Pharamp,Ampharos,Ampharos,Ampharos
182,Bellossom,キレイハナ,Joliflor,Blubella,Bellossom,Bellossom
183,Marill,マリル,Marill,Marill,Marill,Marill
184,Azumarill,マリルリ,Azumarill,Azumarill,Azumarill,Azumarill
185,Sudowoodo,ウソッキー,Simularbre,Mogelbaum,Sudowoodo,Sudowoodo
186,Politoed,ニョロトノ,Tarpaud,Quaxo,Politoed,Politoed
187,Hoppip,ハネッコ,Granivol,Hoppspross,Hoppip,Hoppip
188,Skiploom,ポポッコ,Floravol,Hubelupf,Skiploom,Skiploom
189,Jumpluff,ワタッコ,Cotovol,Papungha,Jumpluff,Jumpluff
190,Aipom,エイパム,Capumain,Griffel,Aipom,Aipom
191,Sunkern,ヒマナッツ,Tournegrin,Sonnkern,Sunkern,Sunkern
192,Sunflora,キマワリ,Héliatronc,Sonnflora,Sunflora,Sunflora
193,Yanma,ヤンヤンマ,Yanma,Yanma,Yanma,Yanma
194,Wooper,ウパー,Axoloto,Felino,Wooper,Wooper
195,Quagsire,ヌオー,Maraiste,Morlord,Quagsire,Quagsire
196,Espeon,エーフィ,Mentali,Psiana,Espeon,Espeon
197,Umbreon,ブラッキー,Noctali,Nachtara,Umbreon,Umbreon
198,Murkrow,ヤミカラス,Cornèbre,Kramurx,Murkrow,Murkrow
199,Slowking,ヤドキング,Roigada,Laschoking,Slowking,Slowking
200,Misdreavus,ムウマ,Feuforêve,Traunfugil,Misdreavus,Misdreavus
201,Unown,アンノーン,Zarbi,Icognito,Unown,Unown
202,Wobbuffet,ソーナンス,Qulbutoké,Woingenau,Wobbuffet,Wobbuffet
203,Girafarig,キリンリキ,Girafarig,Girafarig,Girafarig,Girafarig
204,Pineco,クヌギダマ,Pomdepik,Tannza,Pineco,Pineco
205,Forretress,フォレトス,Foretress,Forstellka,Forretress,Forretress
206,Dunsparce,ノコッチ,Insolourdo,Dummisel,Dunsparce,Dunsparce
207,Gligar,グライガー,Scorplane,Skorgla,Gligar,Gligar
208,Steelix,ハガネール,Steelix,Stahlos,Steelix,Steelix
209,Snubbull,ブルー,Snubbull,Snubbull,Snubbull,Snubbull
210,Granbull,グランブル,Granbull,Granbull,Granbull,Granbull
211,Qwilfish,ハリーセン,Qwilfish,Baldorfish,Qwilfish,Qwilfish
212,Scizor,ハッサム,Cizayox,Scherox,Scizor,Scizor
213,Shuckle,ツボツボ,Caratroc,Pottrott,Shuckle,Shuckle
214,Heracross,ヘラクロス,Scarhino,Skaraborn,Heracross,Heracross
215,Sneasel,ニューラ,Farfuret,Sniebel,Sneasel,Sneasel
216,Teddiursa,ヒメグマ,Teddiursa,Teddiursa,Teddiursa,Teddiursa
217,Ursaring,リングマ,Ursaring,Ursaring,Ursaring,Ursaring
218,Slugma,マグマッグ,Limagma,Schneckmag,Slugma,Slugma
219,Magcargo,マグカルゴ,Volcaropod,Magcargo,Magcargo,Magcargo
220,Swinub,ウリムー,Marcacrin,Quiekel,Swinub,Swinub
221,Piloswine,イノムー,Cochignon,Keifel,Piloswine,Piloswine
222,Corsola,サニーゴ,Corayon,Corasonn,Corsola,Corsola
223,Remoraid,テッポウオ,Rémoraid,Remoraid,Remoraid,Remoraid
224,Octillery,オクタン,Octillery,Octillery,Octillery,Octillery
225,Delibird,デリバード,Cadoizo,Botogel,Delibird,Delibird
226,Mantine,マンタイン,Démanta,Mantax,Mantine,Mantine
227,Skarmory,エアームド,Airmure,Panzaeron,Skarmory,Skarmory
228,Houndour,デルビル,Malosse,Hunduster,Houndour,Houndour
229,Houndoom,ヘルガー,Démolosse,Hundemon,Houndoom,Houndoom
230,Kingdra,キングドラ,Hyporoi,Seedraking,Kingdra,Kingdra
231,Phanpy,ゴマゾウ,Phanpy,Phanpy,Phanpy,Phanpy
232,Donphan,ドンファン,Donphan,Donphan,Donphan,Donphan
233,Porygon2,ポリゴン２,Porygon2,Porygon2,Porygon2,Porygon2
234,Stantler,オドシシ,Cerfrousse,Damhirplex,Stantler,Stantler
235,Smeargle,ドーブル,Queulorior,Farbeagle,Smeargle,Smeargle
236,Tyrogue,バルキー,Debugant,Rabauz,Tyrogue,Tyrogue
237,Hitmontop,カポエラー,Kapoera,Kapoera,Hitmontop,Hitmontop
238,Smoochum,ムチュール,Lippouti,Kussilla,Smoochum,Smoochum
239,Elekid,エレキッド,Élekid,Elekid,Elekid,Elekid
240,Magby,ブビィ,Magby,Magby,Magby,Magby
241,Miltank,ミルタンク,Écrémeuh,Miltank,Miltank,Miltank
242,Blissey,ハピナス,Leuphorie,Heiteira,Blissey,Blissey
243,Raikou,ライコウ,Raikou,Raikou,Raikou,Raikou
244,Entei,エンテイ,Entei,Entei,Entei,Entei
245,Suicune,スイクン,Suicune,Suicune,Suicune,Suicune
246,Larvitar,ヨーギラス,Embrylex,Larvitar,Larvitar,Larvitar
247,Pupitar,サナギラス,Ymphect,Pupitar,Pupitar,Pupitar
248,Tyranitar,バンギラス,Tyranocif,Despotar,Tyranitar,Tyranitar
249,Lugia,ルギア,Lugia,Lugia,Lugia,Lugia
250,Ho-Oh,ホウオウ,Ho-Oh,Ho-Oh,Ho-Oh,Ho-Oh
251,Celebi,セレビィ,Celebi,Celebi,Celebi,Celebi
252,Treecko,キモリ,Arcko,Geckarbor,Treecko,Treecko
253,Grovyle,ジュプトル,Massko,Reptain,Grovyle,Grovyle
254,Sceptile,ジュカイン,Jungko,Gewaldro,Sceptile,Sceptile
255,Torchic,アチャモ,Poussifeu,Flemmli,Torchic,Torchic
256,Combusken,ワカシャモ,Galifeu,Jungglut,Combusken,Combusken
257,Blaziken,バシャーモ,Braségali,Lohgock,Blaziken,Blaziken
258,Mudkip,ミズゴロウ,Gobou,Hydropi,Mudkip,Mudkip
259,Marshtomp,ヌマクロー,Flobio,Moorabbel,Marshtomp,Marshtomp
260,Swampert,ラグラージ,Laggron,Sumpex,Swampert,Swampert
261,Poochyena,ポチエナ,Medhyèna,Fiffyen,Poochyena,Poochyena
262,Mightyena,グラエナ,Grahyèna,Magnayen,Mightyena,Mightyena
263,Zigzagoon,ジグザグマ,Zigzaton,Zigzachs,Zigzagoon,Zigzagoon
264,Linoone,マッスグマ,Linéon,Geradaks,Linoone,Linoone
265,Wurmple,ケムッソ,Chenipotte,Waumpel,Wurmple,Wurmple
266,Silcoon,カラサリス,Armulys,Schaloko,Silcoon,Silcoon
267,Beautifly,アゲハント,Charmillon,Papinella,Beautifly,Beautifly
268,Cascoon,マユルド,Blindalys,Panekon,Cascoon,Cascoon
269,Dustox,ドクケイル,Papinox,Pudox,Dustox,Dustox
270,Lotad,ハスボー,Nénupiot,Loturzel,Lotad,Lotad
271,Lombre,ハスブレロ,Lombre,Lombrero,Lombre,Lombre
272,Ludicolo,ルンパッパ,Ludicolo,Kappalores,Ludicolo,Ludicolo
273,Seedot,タネボー,Grainipiot,Samurzel,Seedot,Seedot
274,Nuzleaf,コノハナ,Pifeuil,Blanas,Nuzleaf,Nuzleaf
275,Shiftry,ダーテング,Tengalice,Tengulist,Shiftry,Shiftry
276,Taillow,スバメ,Nirondelle,Schwalbini,Taillow,Taillow
277,Swellow,オオスバメ,Hélédelle,Schwalboss,Swellow,Swellow
278,Wingull,キャモメ,Goélise,Wingull,Wingull,Wingull
279,Pelipper,ペリッパー,Bekipan,Pelipper,Pelipper,Pelipper
280,Ralts,ラルトス,Tarsal,Trasla,Ralts,Ralts
281,Kirlia,キルリア,Kirlia,Kirlia,Kirlia,Kirlia
282,Gardevoir,サーナイト,Gardevoir,Guardevoir,Gardevoir,Gardevoir
283,Surskit,アメタマ,Arakdo,Gehweiher,Surskit,Surskit
284,Masquerain,アメモース,Maskadra,Maskeregen,Masquerain,Masquerain
285,Shroomish,キノココ,Balignon,Knilz,Shroomish,Shroomish
286,Breloom,キノガッサ,Chapignon,Kapilz,Breloom,Breloom
287,Slakoth,ナマケロ,Parecool,Bummelz,Slakoth,Slakoth
288,Vigoroth,ヤルキモノ,Vigoroth,Muntier,Vigoroth,Vigoroth
289,Slaking,ケッキング,Monaflèmit,Letarking,Slaking,Slaking
290,Nincada,ツチニン,Ningale,Nincada,Nincada,Nincada
291,Ninjask,テッカニン,Ninjask,Ninjask,Ninjask,Ninjask
292,Shedinja,ヌケニン,Munja,Ninjatom,Shedinja,Shedinja
293,Whismur,ゴニョニョ,Chuchmur,Flurmel,Whismur,Whismur
294,Loudred,ドゴーム,Ramboum,Krakeelo,Loudred,Loudred
295,Exploud,バクオング,Brouhabam,Krawumms,Exploud,Exploud
296,Makuhita,マクノシタ,Makuhita,Makuhita,Makuhita,Makuhita
297,Hariyama,ハリテヤマ,Hariyama,Hariyama,Hariyama,Hariyama
298,Azurill,ルリリ,Azurill,Azurill,Azurill,Azurill
299,Nosepass,ノズパス,Tarinor,Nasgnet,Nosepass,Nosepass
300,Skitty,エネコ,Skitty,Eneco,Skitty,Skitty
301,Delcatty,エネコロロ,Delcatty,Enekoro,Delcatty,Delcatty
302,Sableye,ヤミラミ,Ténéfix,Zobiris,Sableye,Sableye
303,Mawile,クチート,Mysdibule,Flunkifer,Mawile,Mawile
304,Aron,ココドラ,Galekid,Stollunior,Aron,Aron
305,Lairon,コドラ,Galegon,Stollrak,Lairon,Lairon
306,Aggron,ボスゴドラ,Galeking,Stolloss,Aggron,Aggron
307,Meditite,アサナン,Méditikka,Meditie,Meditite,Meditite
308,Medicham,チャーレム,Charmina,Meditalis,Medicham,Medicham
309,Electrike,ラクライ,Dynavolt,Frizelbliz,Electrike,Electrike
310,Manectric,ライボルト,Élecsprint,Voltenso,Manectric,Manectric
311,Plusle,プラスル,Posipi,Plusle,Plusle,Plusle
312,Minun,マイナン,Négapi,Minun,Minun,Minun
313,Volbeat,バルビート,Muciole,Volbeat,Volbeat,Volbeat
314,Illumise,イルミーゼ,Lumivole,Illumise,Illumise,Illumise
315,Roselia,ロゼリア,Rosélia,Roselia,Roselia,Roselia
316,Gulpin,ゴクリン,Gloupti,Schluppuck,Gulpin,Gulpin
317,Swalot,マルノーム,Avaltout,Schlukwech,Swalot,Swalot
318,Carvanha,キバニア,Carvanha,Kanivanha,Carvanha,Carvanha
319,Sharpedo,サメハダー,Sharpedo,Tohaido,Sharpedo,Sharpedo
320,Wailmer,ホエルコ,Wailmer,Wailmer,Wailmer,Wailmer
321,Wailord,ホエルオー,Wailord,Wailord,Wailord,Wailord
322,Numel,ドンメル,Chamallot,Camaub,Numel,Numel
323,Camerupt,バクーダ,Camérupt,Camerupt,Camerupt,Camerupt
324,Torkoal,コータス,Chartor,Qurtel,Torkoal,Torkoal
325,Spoink,バネブー,Spoink,Spoink,Spoink,Spoink
326,Grumpig,ブーピッグ,Groret,Groink,Grumpig,Grumpig
327,Spinda,パッチール,Spinda,Pandir,Spinda,Spinda
328,Trapinch,ナックラー,Kraknoix,Knacklion,Trapinch,Trapinch
329,Vibrava,ビブラーバ,Vibraninf,Vibrava,Vibrava,Vibrava
330,Flygon,フライゴン,Libégon,Libelldra,Flygon,Flygon
331,Cacnea,サボネア,Cacnea,Tuska,Cacnea,Cacnea
332,Cacturne,ノクタス,Cacturne,Noktuska,Cacturne,Cacturne
333,Swablu,チルット,Tylton,Wablu,Swablu,Swablu
334,Altaria,チルタリス,Altaria,Altaria,Altaria,Altaria
335,Zangoose,ザングース,Mangriff,Sengo,Zangoose,Zangoose
336,Seviper,ハブネーク,Séviper,Vipitis,Seviper,Seviper
337,Lunatone,ルナトーン,Séléroc,Lunastein,Lunatone,Lunatone
338,Solrock,ソルロック,Solaroc,Sonnfel,Solrock,Solrock
339,Barboach,ドジョッチ,Barloche,Schmerbe,Barboach,Barboach
340,Whiscash,ナマズン,Barbicha,Welsar,Whiscash,Whiscash
341,Corphish,ヘイガニ,Écrapince,Krebscorps,Corphish,Corphish
342,Crawdaunt,シザリガー,Colhomard,Krebutack,Crawdaunt,Crawdaunt
343,Baltoy,ヤジロン,Balbuto,Puppance,Baltoy,Baltoy
344,Claydol,ネンドール,Kaorine,Lepumentas,Claydol,Claydol
345,Lileep,リリーラ,Lilia,Liliep,Lileep,Lileep
346,Cradily,ユレイドル,Vacilys,Wielie,Cradily,Cradily
347,Anorith,アノプス,Anorith,Anorith,Anorith,Anorith
348,Armaldo,アーマルド,Armaldo,Armaldo,Armaldo,Armaldo
349,Feebas,ヒンバス,Barpau,Barschwa,Feebas,Feebas
350,Milotic,ミロカロス,Milobellus,Milotic,Milotic,Milotic
351,Castform,ポワルン,Morphéo,Formeo,Castform,Castform
352,Kecleon,カクレオン,Kecleon,Kecleon,Kecleon,Kecleon
353,Shuppet,カゲボウズ,Polichombr,Shuppet,Shuppet,Shuppet
354,Banette,ジュペッタ,Branette,Banette,Banette,Banette
355,Duskull,ヨマワル,Skelénox,Zwirrlicht,Duskull,Duskull
356,Dusclops,サマヨール,Téraclope,Zwirrklop,Dusclops,Dusclops
357,Tropius,トロピウス,Tropius,Tropius,Tropius,Tropius
358,Chimecho,チリーン,Éoko,Palimpalim,Chimecho,Chimecho
359,Absol,アブソル,Absol,Absol,Absol,Absol
360,Wynaut,ソーナノ,Okéoké,Isso,Wynaut,Wynaut
361,Snorunt,ユキワラシ,Stalgamin,Schneppke,Snorunt,Snorunt
362,Glalie,オニゴーリ,Oniglali,Firnontor,Glalie,Glalie
363,Spheal,タマザラシ,Obalie,Seemops,Spheal,Spheal
364,Sealeo,トドグラー,Phogleur,Seejong,Sealeo,Sealeo
365,Walrein,トドゼルガ,Kaimorse,Walraisa,Walrein,Walrein
366,Clamperl,パールル,Coquiperl,Perlu,Clamperl,Clamperl
367,Huntail,ハンテール,Serpang,Aalabyss,Huntail,Huntail
368,Gorebyss,サクラビス,Rosabyss,Saganabyss,Gorebyss,Gorebyss
369,Relicanth,ジーランス,Relicanth,Relicanth,Relicanth,Relicanth
370,Luvdisc,ラブカス,Lovdisc,Liebiskus,Luvdisc,Luvdisc
371,Bagon,タツベイ,Draby,Kindwurm,Bagon,Bagon
372,Shelgon,コモルー,Drackhaus,Draschel,Shelgon,Shelgon
373,Salamence,ボーマンダ,Drattak,Brutalanda,Salamence,Salamence
374,Beldum,ダンバル,Terhal,Tanhel,Beldum,Beldum
375,Metang,メタング,Métang,Metang,Metang,Metang
376,Metagross,メタグロス,Métalosse,Metagross,Metagross,Metagross
377,Regirock,レジロック,Regirock,Regirock,Regirock,Regirock
378,Regice,レジアイス,Regice,Regice,Regice,Regice
379,Registeel,レジスチル,Registeel,Registeel,Registeel,Registeel
380,Latias,ラティアス,Latias,Latias,Latias,Latias
381,Latios,ラティオス,Latios,Latios,Latios,Latios
382,Kyogre,カイオーガ,Kyogre,Kyogre,Kyogre,Kyogre
383,Groudon,グラードン,Groudon,Groudon,Groudon,Groudon
384,Rayquaza,レックウザ,Rayquaza,Rayquaza,Rayquaza,Rayquaza
385,Jirachi,ジラーチ,Jirachi,Jirachi,Jirachi,Jirachi
386,Deoxys,デオキシス,Deoxys,Deoxys,Deoxys,Deoxys
387,Turtwig,ナエトル,Tortipouss,Chelast,Turtwig,Turtwig
388,Grotle,ハヤシガメ,Boskara,Chelcarain,Grotle,Grotle
389,Torterra,ドダイトス,Torterra,Chelterrar,Torterra,Torterra
390,Chimchar,ヒコザル,Ouisticram,Panflam,Chimchar,Chimchar
391,Monferno,モウカザル,Chimpenfeu,Panpyro,Monferno,Monferno
392,Infernape,ゴウカザル,Simiabraz,Panferno,Infernape,Infernape
393,Piplup,ポッチャマ,Tiplouf,Plinfa,Piplup,Piplup
394,Prinplup,ポッタイシ,Prinplouf,Pliprin,Prinplup,Prinplup
395,Empoleon,エンペルト,Pingoléon,Impoleon,Empoleon,Empoleon
396,Starly,ムックル,Étourmi,Staralili,Starly,Starly
397,Staravia,ムクバード,Étourvol,Staravia,Staravia,Staravia
398,Staraptor,ムクホーク,Étouraptor,Staraptor,Staraptor,Staraptor
399,Bidoof,ビッパ,Keunotor,Bidiza,Bidoof,Bidoof
400,Bibarel,ビーダル,Castorno,Bidifas,Bibarel,Bibarel
401,Kricketot,コロボーシ,Crikzik,Zirpurze,Kricketot,Kricketot
402,Kricketune,コロトック,Mélokrik,Zirpeise,Kricketune,Kricketune
403,Shinx,コリンク,Lixy,Sheinux,Shinx,Shinx
404,Luxio,ルクシオ,Luxio,Luxio,Luxio,Luxio
405,Luxray,レントラー,Luxray,Luxtra,Luxray,Luxray
406,Budew,スボミー,Rozbouton,Knospi,Budew,Budew
407,Roserade,ロズレイド,Roserade,Roserade,Roserade,Roserade
408,Cranidos,ズガイドス,Kranidos,Koknodon,Cranidos,Cranidos
409,Rampardos,ラムパルド,Charkos,Rameidon,Rampardos,Rampardos
410,Shieldon,タテトプス,Dinoclier,Schilterus,Shieldon,Shieldon
411,Bastiodon,トリデプス,Bastiodon,Bollterus,Bastiodon,Bastiodon
412,Burmy,ミノムッチ,Cheniti,Burmy,Burmy,Burmy
413,Wormadam,ミノマダム,Cheniselle,Burmadame,Wormadam,Wormadam
414,Mothim,ガーメイル,Papilord,Moterpel,Mothim,Mothim
415,Combee,ミツハニー,Apitrini,Wadribie,Combee,Combee
416,Vespiquen,ビークイン,Apireine,Honweisel,Vespiquen,Vespiquen
417,Pachirisu,パチリス,Pachirisu,Pachirisu,Pachirisu,Pachirisu
418,Buizel,ブイゼル,Mustébouée,Bamelin,Buizel,Buizel
419,Floatzel,フローゼル,Mustéflott,Bojelin,Floatzel,Floatzel
420,Cherubi,チェリンボ,Ceribou,Kikugi,Cherubi,Cherubi
421,Cherrim,チェリム,Ceriflor,Kinoso,Cherrim,Cherrim
422,Shellos,カラナクシ,Sancoki,Schalellos,Shellos,Shellos
423,Gastrodon,トリトドン,Tritosor,Gastrodon,Gastrodon,Gastrodon
424,Ambipom,エテボース,Capidextre,Ambidiffel,Ambipom,Ambipom
425,Drifloon,フワンテ,Baudrive,Driftlon,Drifloon,Drifloon
426,Drifblim,フワライド,Grodrive,Drifzepeli,Drifblim,Drifblim
427,Buneary,ミミロル,Laporeille,Haspiror,Buneary,Buneary
428,Lopunny,ミミロップ,Lockpin,Schlapor,Lopunny,Lopunny
429,Mismagius,ムウマージ,Magirêve,Traunmagil,Mismagius,Mismagius
430,Honchkrow,ドンカラス,Corboss,Kramshef,Honchkrow,Honchkrow
431,Glameow,ニャルマー,Chaglam,Charmian,Glameow,Glameow
432,Purugly,ブニャット,Chaffreux,Shnurgarst,Purugly,Purugly
433,Chingling,リーシャン,Korillon,Klingplim,Chingling,Chingling
434,Stunky,スカンプー,Moufouette,Skunkapuh,Stunky,Stunky
435,Skuntank,スカタンク,Moufflair,Skuntank,Skuntank,Skuntank
436,Bronzor,ドーミラー,Archéomire,Bronzel,Bronzor,Bronzor
437,Bronzong,ドータクン,Archéodong,Bronzong,Bronzong,Bronzong
438,Bonsly,ウソハチ,Manzaï,Mobai,Bonsly,Bonsly
439,Mime Jr.,マネネ,Mime Jr.,Pantimimi,Mime Jr.,Mime Jr.
440,Happiny,ピンプク,Ptiravi,Wonneira,Happiny,Happiny
441,Chatot,ペラップ,Pijako,Plaudagei,Chatot,Chatot
442,Spiritomb,ミカルゲ,Spiritomb,Kryppuk,Spiritomb,Spiritomb
443,Gible,フカマル,Griknot,Kaumalat,Gible,Gible
444,Gabite,ガバイト,Carmache,Knarksel,Gabite,Gabite
445,Garchomp,ガブリアス,Carchacrok,Knakrack,Garchomp,Garchomp
446,Munchlax,ゴンベ,Goinfrex,Mampfaxo,Munchlax,Munchlax
447,Riolu,リオル,Riolu,Riolu,Riolu,Riolu
448,Lucario,ルカリオ,Lucario,Lucario,Lucario,Lucario
449,Hippopotas,ヒポポタス,Hippopotas,Hippopotas,Hippopotas,Hippopotas
450,Hippowdon,カバルドン,Hippodocus,Hippoterus,Hippowdon,Hippowdon
451,Skorupi,スコルピ,Rapion,Pionskora,Skorupi,Skorupi
452,Drapion,ドラピオン,Drascore,Piondragi,Drapion,Drapion
453,Croagunk,グレッグル,Cradopaud,Glibunkel,Croagunk,Croagunk
454,Toxicroak,ドクロッグ,Coatox,Toxiquak,Toxicroak,Toxicroak
455,Carnivine,マスキッパ,Vortente,Venuflibis,Carnivine,Carnivine
456,Finneon,ケイコウオ,Écayon,Finneon,Finneon,Finneon
457,Lumineon,ネオラント,Luminéon,Lumineon,Lumineon,Lumineon
458,Mantyke,タマンタ,Babimanta,Mantirps,Mantyke,Mantyke
459,Snover,ユキカブリ,Blizzi,Shnebedeck,Snover,Snover
460,Abomasnow,ユキノオー,Blizzaroi,Rexblisar,Abomasnow,Abomasnow
461,Weavile,マニューラ,Dimoret,Snibunna,Weavile,Weavile
462,Magnezone,ジバコイル,Magnézone,Magnezone,Magnezone,Magnezone
463,Lickilicky,ベロベルト,Coudlangue,Schlurplek,Lickilicky,Lickilicky
464,Rhyperior,ドサイドン,Rhinastoc,Rihornior,Rhyperior,Rhyperior
465,Tangrowth,モジャンボ,Bouldeneu,Tangoloss,Tangrowth,Tangrowth
466,Electivire,エレキブル,Élekable,Elevoltek,Electivire,Electivire
467,Magmortar,ブーバーン,Maganon,Magbrant,Magmortar,Magmortar
468,Togekiss,トゲキッス,Togekiss,Togekiss,Togekiss,Togekiss
469,Yanmega,メガヤンマ,Yanmega,Yanmega,Yanmega,Yanmega
470,Leafeon,リーフィア,Phyllali,Folipurba,Leafeon,Leafeon
471,Glaceon,グレイシア,Givrali,Glaziola,Glaceon,Glaceon
472,Gliscor,グライオン,Scorvol,Skorgro,Gliscor,Gliscor
473,Mamoswine,マンムー,Mammochon,Mamutel,Mamoswine,Mamoswine
474,Porygon-Z,ポリゴンＺ,Porygon-Z,Porygon-Z,Porygon-Z,Porygon-Z
475,Gallade,エルレイド,Gallame,Galagladi,Gallade,Gallade
476,Probopass,ダイノーズ,Tarinorme,Voluminas,Probopass,Probopass
477,Dusknoir,ヨノワール,Noctunoir,Zwirrfinst,Dusknoir,Dusknoir
478,Froslass,ユキメノコ,Momartik,Frosdedje,Froslass,Froslass
479,Rotom,ロトム,Motisma,Rotom,Rotom,Rotom
480,Uxie,ユクシー,Créhelf,Selfe,Uxie,Uxie
481,Mesprit,エムリット,Créfollet,Vesprit,Mesprit,Mesprit
482,Azelf,アグノム,Créfadet,Tobutz,Azelf,Azelf
483,Dialga,ディアルガ,Dialga,Dialga,Dialga,Dialga
484,Palkia,パルキア,Palkia,Palkia,Palkia,Palkia
485,Heatran,ヒードラン,Heatran,Heatran,Heatran,Heatran
486,Regigigas,レジギガス,Regigigas,Regigigas,Regigigas,Regigigas
487,Giratina,ギラティナ,Giratina,Giratina,Giratina,Giratina
488,Cresselia,クレセリア,Cresselia,Cresselia,Cresselia,Cresselia
489,Phione,フィオネ,Phione,Phione,Phione,Phione
490,Manaphy,マナフィ,Manaphy,Manaphy,Manaphy,Manaphy
491,Darkrai,ダークライ,Darkrai,Darkrai,Darkrai,Darkrai
492,Shaymin,シェイミ,Shaymin,Shaymin,Shaymin,Shaymin
493,Arceus,アルセウス,Arceus,Arceus,Arceus,Arceus
494,Victini,ビクティニ,Victini,Victini,Victini,Victini
495,Snivy,ツタージャ,Vipélierre,Serpifeu,Snivy,Snivy
496,Servine,ジャノビー,Lianaja,Efoserp,Servine,Servine
497,Serperior,ジャローダ,Majaspic,Serpiroyal,Serperior,Serperior
498,Tepig,ポカブ,Gruikui,Floink,Tepig,Tepig
499,Pignite,チャオブー,Grotichon,Ferkokel,Pignite,Pignite
500,Emboar,エンブオー,Roitiflam,Flambirex,Emboar,Emboar
501,Oshawott,ミジュマル,Moustillon,Ottaro,Oshawott,Oshawott
502,Dewott,フタチマル,Mateloutre,Zwottronin,Dewott,Dewott
503,Samurott,ダイケンキ,Clamiral,Admurai,Samurott,Samurott
504,Patrat,ミネズミ,Ratentif,Nagelotz,Patrat,Patrat
505,Watchog,ミルホッグ,Miradar,Kukmarda,Watchog,Watchog
506,Lillipup,ヨーテリー,Ponchiot,Yorkleff,Lillipup,Lillipup
507,Herdier,ハーデリア,Ponchien,Terribark,Herdier,Herdier
508,Stoutland,ムーランド,Mastouffe,Bissbark,Stoutland,Stoutland
509,Purrloin,チョロネコ,Chacripan,Felilou,Purrloin,Purrloin
510,Liepard,レパルダス,Léopardus,Kleoparda,Liepard,Liepard
511,Pansage,ヤナップ,Feuillajou,Vegimak,Pansage,Pansage
512,Simisage,ヤナッキー,Feuiloutan,Vegichita,Simisage,Simisage
513,Pansear,バオップ,Flamajou,Grillmak,Pansear,Pansear
514,Simisear,バオッキー,Flamoutan,Grillchita,Simisear,Simisear
515,Panpour,ヒヤップ,Flotajou,Sodamak,Panpour,Panpour
516,Simipour,ヒヤッキー,Flotoutan,Sodachita,Simipour,Simipour
517,Munna,ムンナ,Munna,Somniam,Munna,Munna
518,Musharna,ムシャーナ,Mushana,Somnivora,Musharna,Musharna
519,Pidove,マメパト,Poichigeon,Dusselgurr,Pidove,Pidove
520,Tranquill,ハトーボー,Colombeau,Navitaub,Tranquill,Tranquill
521,Unfezant,ケンホロウ,Déflaisan,Fasasnob,Unfezant,Unfezant
522,Blitzle,シママ,Zébibron,Elezeba,Blitzle,Blitzle
523,Zebstrika,ゼブライカ,Zéblitz,Zebritz,Zebstrika,Zebstrika
524,Roggenrola,ダンゴロ,Nodulithe,Kiesling,Roggenrola,Roggenrola
525,Boldore,ガントル,Géolithe,Sedimantur,Boldore,Boldore
526,Gigalith,ギガイアス,Gigalithe,Brockoloss,Gigalith,Gigalith
527,Woobat,コロモリ,Chovsourir,Fleknoil,Woobat,Woobat
528,Swoobat,ココロモリ,Rhinolove,Fletiamo,Swoobat,Swoobat
529,Drilbur,モグリュー,Rototaupe,Rotomurf,Drilbur,Drilbur
530,Excadrill,ドリュウズ,Minotaupe,Stalobor,Excadrill,Excadrill
531,Audino,タブンネ,Nanméouïe,Ohrdoch,Audino,Audino
532,Timburr,ドッコラー,Charpenti,Praktibalk,Timburr,Timburr
533,Gurdurr,ドテッコツ,Ouvrifier,Strepoli,Gurdurr,Gurdurr
534,Conkeldurr,ローブシン,Bétochef,Meistagrif,Conkeldurr,Conkeldurr
535,Tympole,オタマロ,Tritonde,Schallquap,Tympole,Tympole
536,Palpitoad,ガマガル,Batracné,Mebrana,Palpitoad,Palpitoad
537,Seismitoad,ガマゲロゲ,Crapustule,Branawarz,Seismitoad,Seismitoad
538,Throh,ナゲキ,Judokrak,Jiutesto,Throh,Throh
539,Sawk,ダゲキ,Karaclée,Karadonis,Sawk,Sawk
540,Sewaddle,クルミル,Larveyette,Strawickl,Sewaddle,Sewaddle
541,Swadloon,クルマユ,Couverdure,Folikon,Swadloon,Swadloon
542,Leavanny,ハハコモリ,Manternel,Matrifol,Leavanny,Leavanny
543,Venipede,フシデ,Venipatte,Toxiped,Venipede,Venipede
544,Whirlipede,ホイーガ,Scobolide,Rollum,Whirlipede,Whirlipede
545,Scolipede,ペンドラー,Brutapode,Cerapendra,Scolipede,Scolipede
546,Cottonee,モンメン,Doudouvet,Waumboll,Cottonee,Cottonee
547,Whimsicott,エルフーン,Farfaduvet,Elfun,Whimsicott,Whimsicott
548,Petilil,チュリネ,Chlorobule,Lilminip,Petilil,Petilil
549,Lilligant,ドレディア,Fragilady,Dressella,Lilligant,Lilligant
550,Basculin,バスラオ,Bargantua,Barschuft,Basculin,Basculin
551,Sandile,メグロコ,Mascaïman,Ganovil,Sandile,Sandile
552,Krokorok,ワルビル,Escroco,Rokkaiman,Krokorok,Krokorok
553,Krookodile,ワルビアル,Crocorible,Rabigator,Krookodile,Krookodile
554,Darumaka,ダルマッカ,Darumarond,Flampion,Darumaka,Darumaka
555,Darmanitan,ヒヒダルマ,Darumacho,Flampivian,Darmanitan,Darmanitan
556,Maractus,マラカッチ,Maracachi,Maracamba,Maractus,Maractus
557,Dwebble,イシズマイ,Crabicoque,Lithomith,Dwebble,Dwebble
558,Crustle,イワパレス,Crabaraque,Castellith,Crustle,Crustle
559,Scraggy,ズルッグ,Baggiguane,Zurrokex,Scraggy,Scraggy
560,Scrafty,ズルズキン,Baggaïd,Irokex,Scrafty,Scrafty
561,Sigilyph,シンボラー,Cryptéro,Symvolara,Sigilyph,Sigilyph
562,Yamask,デスマス,Tutafeh,Makabaja,Yamask,Yamask
563,Cofagrigus,デスカーン,Tutankafer,Echnatoll,Cofagrigus,Cofagrigus
564,Tirtouga,プロトーガ,Carapagos,Galapaflos,Tirtouga,Tirtouga
565,Carracosta,アバゴーラ,Mégapagos,Karippas,Carracosta,Carracosta
566,Archen,アーケン,Arkéapti,Flapteryx,Archen,Archen
567,Archeops,アーケオス,Aéroptéryx,Aeropteryx,Archeops,Archeops
568,Trubbish,ヤブクロン,Miamiasme,Unratütox,Trubbish,Trubbish
569,Garbodor,ダストダス,Miasmax,Deponitox,Garbodor,Garbodor
570,Zorua,ゾロア,Zorua,Zorua,Zorua,Zorua
571,Zoroark,ゾロアーク,Zoroark,Zoroark,Zoroark,Zoroark
572,Minccino,チラーミィ,Chinchidou,Picochilla,Minccino,Minccino
573,Cinccino,チラチーノ,Pashmilla,Chillabell,Cinccino,Cinccino
574,Gothita,ゴチム,Scrutella,Mollimorba,Gothita,Gothita
575,Gothorita,ゴチミル,Mesmérella,Hypnomorba,Gothorita,Gothorita
576,Gothitelle,ゴチルゼル,Sidérella,Morbitesse,Gothitelle,Gothitelle
577,Solosis,ユニラン,Nucléos,Monozyto,Solosis,Solosis
578,Duosion,ダブラン,Méios,Mitodos,Duosion,Duosion
579,Reuniclus,ランクルス,Symbios,Zytomega,Reuniclus,Reuniclus
580,Ducklett,コアルヒー,Couaneton,Piccolente,Ducklett,Ducklett
581,Swanna,スワンナ,Lakmécygne,Swaroness,Swanna,Swanna
582,Vanillite,バニプッチ,Sorbébé,Gelatini,Vanillite,Vanillite
583,Vanillish,バニリッチ,Sorboul,Gelatroppo,Vanillish,Vanillish
584,Vanilluxe,バイバニラ,Sorbouboul,Gelatwino,Vanilluxe,Vanilluxe
585,Deerling,シキジカ,Vivaldaim,Sesokitz,Deerling,Deerling
586,Sawsbuck,メブキジカ,Haydaim,Kronjuwild,Sawsbuck,Sawsbuck
587,Emolga,エモンガ,Emolga,Emolga,Emolga,Emolga
588,Karrablast,カブルモ,Carabing,Laukaps,Karrablast,Karrablast
589,Escavalier,シュバルゴ,Lançargot,Cavalanzas,Escavalier,Escavalier
590,Foongus,タマゲタケ,Trompignon,Tarnpignon,Foongus,Foongus
591,Amoonguss,モロバレル,Gaulet,Hutsassa,Amoonguss,Amoonguss
592,Frillish,プルリル,Viskuse,Quabbel,Frillish,Frillish
593,Jellicent,ブルンゲル,Moyade,Apoquallyp,Jellicent,Jellicent
594,Alomomola,ママンボウ,Mamanbo,Mamolida,Alomomola,Alomomola
595,Joltik,バチュル,Statitik,Wattzapf,Joltik,Joltik
596,Galvantula,デンチュラ,Mygavolt,Voltula,Galvantula,Galvantula
597,Ferroseed,テッシード,Grindur,Kastadur,Ferroseed,Ferroseed
598,Ferrothorn,ナットレイ,Noacier,Tentantel,Ferrothorn,Ferrothorn
599,Klink,ギアル,Tic,Klikk,Klink,Klink
600,Klang,ギギアル,Clic,Kliklak,Klang,Klang
601,Klinklang,ギギギアル,Cliticlic,Klikdiklak,Klinklang,Klinklang
602,Tynamo,シビシラス,Anchwatt,Zapplardin,Tynamo,Tynamo
603,Eelektrik,シビビール,Lampéroie,Zapplalek,Eelektrik,Eelektrik
604,Eelektross,シビルドン,Ohmassacre,Zapplarang,Eelektross,Eelektross
605,Elgyem,リグレー,Lewsor,Pygraulon,Elgyem,Elgyem
606,Beheeyem,オーベム,Neitram,Megalon,Beheeyem,Beheeyem
607,Litwick,ヒトモシ,Funécire,Lichtel,Litwick,Litwick
608,Lampent,ランプラー,Mélancolux,Laternecto,Lampent,Lampent
609,Chandelure,シャンデラ,Lugulabre,Skelabra,Chandelure,Chandelure
610,Axew,キバゴ,Coupenotte,Milza,Axew,Axew
611,Fraxure,オノンド,Incisache,Sharfax,Fraxure,Fraxure
612,Haxorus,オノノクス,Tranchodon,Maxax,Haxorus,Haxorus
613,Cubchoo,クマシュン,Polarhume,Petznief,Cubchoo,Cubchoo
614,Beartic,ツンベアー,Polagriffe,Siberio,Beartic,Beartic
615,Cryogonal,フリージオ,Hexagel,Frigometri,Cryogonal,Cryogonal
616,Shelmet,チョボマキ,Escargaume,Schnuthelm,Shelmet,Shelmet
617,Accelgor,アギルダー,Limaspeed,Hydragil,Accelgor,Accelgor
618,Stunfisk,マッギョ,Limonde,Flunschlik,Stunfisk,Stunfisk
619,Mienfoo,コジョフー,Kungfouine,Lin-Fu,Mienfoo,Mienfoo
620,Mienshao,コジョンド,Shaofouine,Wie-Shu,Mienshao,Mienshao
621,Druddigon,クリムガン,Drakkarmin,Shardrago,Druddigon,Druddigon
622,Golett,ゴビット,Gringolem,Golbit,Golett,Golett
623,Golurk,ゴルーグ,Golemastoc,Golgantes,Golurk,Golurk
624,Pawniard,コマタナ,Scalpion,Gladiantri,Pawniard,Pawniard
625,Bisharp,キリキザン,Scalproie,Caesurio,Bisharp,Bisharp
626,Bouffalant,バッフロン,Frison,Bisofank,Bouffalant,Bouffalant
627,Rufflet,ワシボン,Furaiglon,Geronimatz,Rufflet,Rufflet
628,Braviary,ウォーグル,Gueriaigle,Washakwil,Braviary,Braviary
629,Vullaby,バルチャイ,Vostourno,Skallyk,Vullaby,Vullaby
630,Mandibuzz,バルジーナ,Vaututrice,Grypheldis,Mandibuzz,Mandibuzz
631,Heatmor,クイタラン,Aflamanoir,Furnifraß,Heatmor,Heatmor
632,Durant,アイアント,Fermite,Fermicula,Durant,Durant
633,Deino,モノズ,Solochi,Kapuno,Deino,Deino
634,Zweilous,ジヘッド,Diamat,Duodino,Zweilous,Zweilous
635,Hydreigon,サザンドラ,Trioxhydre,Trikephalo,Hydreigon,Hydreigon
636,Larvesta,メラルバ,Pyronille,Ignivor,Larvesta,Larvesta
637,Volcarona,ウルガモス,Pyrax,Ramoth,Volcarona,Volcarona
638,Cobalion,コバルオン,Cobaltium,Kobalium,Cobalion,Cobalion
639,Terrakion,テラキオン,Terrakium,Terrakium,Terrakion,Terrakion
640,Virizion,ビリジオン,Viridium,Viridium,Virizion,Virizion
641,Tornadus,トルネロス,Boréas,Boreos,Tornadus,Tornadus
642,Thundurus,ボルトロス,Fulguris,Voltolos,Thundurus,Thundurus
643,Reshiram,レシラム,Reshiram,Reshiram,Reshiram,Reshiram
644,Zekrom,ゼクロム,Zekrom,Zekrom,Zekrom,Zekrom
645,Landorus,ランドロス,Démétéros,Demeteros,Landorus,Landorus
646,Kyurem,キュレム,Kyurem,Kyurem,Kyurem,Kyurem
647,Keldeo,ケルディオ,Keldeo,Keldeo,Keldeo,Keldeo
648,Meloetta,メロエッタ,Meloetta,Meloetta,Meloetta,Meloetta
649,Genesect,ゲノセクト,Genesect,Genesect,Genesect,Genesect
650,Chespin,ハリマロン,Marisson,Igamaro,Chespin,Chespin
651,Quilladin,ハリボーグ,Boguérisse,Igastarnish,Quilladin,Quilladin
652,Chesnaught,ブリガロン,Blindépique,Brigaron,Chesnaught,Chesnaught
653,Fennekin,フォッコ,Feunnec,Fynx,Fennekin,Fennekin
654,Braixen,テールナー,Roussil,Rutena,Braixen,Braixen
655,Delphox,マフォクシー,Goupelin,Fennexis,Delphox,Delphox
656,Froakie,ケロマツ,Grenousse,Froxy,Froakie,Froakie
657,Frogadier,ゲコガシラ,Croâporal,Amphizel,Frogadier,Frogadier
658,Greninja,ゲッコウガ,Amphinobi,Quajutsu,Greninja,Greninja
659,Bunnelby,ホルビー,Sapereau,Scoppel,Bunnelby,Bunnelby
660,Diggersby,ホルード,Excavarenne,Grebbit,Diggersby,Diggersby
661,Fletchling,ヤヤコマ,Passerouge,Dartiri,Fletchling,Fletchling
662,Fletchinder,ヒノヤコマ,Braisillon,Dartignis,Fletchinder,Fletchinder
663,Talonflame,ファイアロー,Flambusard,Fiaro,Talonflame,Talonflame
664,Scatterbug,コフキムシ,Lépidonille,Purmel,Scatterbug,Scatterbug
665,Spewpa,コフーライ,Pérégrain,Puponcho,Spewpa,Spewpa
666,Vivillon,ビビヨン,Prismillon,Vivillon,Vivillon,Vivillon
667,Litleo,シシコ,Hélionceau,Leufeo,Litleo,Litleo
668,Pyroar,カエンジシ,Némélios,Pyroleo,Pyroar,Pyroar
669,Flabébé,フラベベ,Flabébé,Flabébé,Flabébé,Flabébé
670,Floette,フラエッテ,Floette,Floette,Floette,Floette
671,Florges,フラージェス,Florges,Florges,Florges,Florges
672,Skiddo,メェークル,Cabriolaine,Mähikel,Skiddo,Skiddo
673,Gogoat,ゴーゴート,Chevroum,Chevrumm,Gogoat,Gogoat
674,Pancham,ヤンチャム,Pandespiègle,Pam-Pam,Pancham,Pancham
675,Pangoro,ゴロンダ,Pandarbare,Pandagro,Pangoro,Pangoro
676,Furfrou,トリミアン,Couafarel,Coiffwaff,Furfrou,Furfrou
677,Espurr,ニャスパー,Psystigri,Psiau,Espurr,Espurr
678,Meowstic,ニャオニクス,Mistigrix,Psiaugon,Meowstic,Meowstic
679,Honedge,ヒトツキ,Monorpale,Gramokles,Honedge,Honedge
680,Doublade,ニダンギル,Dimoclès,Duokles,Doublade,Doublade
681,Aegislash,ギルガルド,Exagide,Durengard,Aegislash,Aegislash
682,Spritzee,シュシュプ,Fluvetin,Parfi,Spritzee,Spritzee
683,Aromatisse,フレフワン,Cocotine,Parfinesse,Aromatisse,Aromatisse
684,Swirlix,ペロッパフ,Sucroquin,Flauschling,Swirlix,Swirlix
685,Slurpuff,ペロリーム,Cupcanaille,Sabbaione,Slurpuff,Slurpuff
686,Inkay,マーイーカ,Sepiatop,Iscalar,Inkay,Inkay
687,Malamar,カラマネロ,Sepiatroce,Calamanero,Malamar,Malamar
688,Binacle,カメテテ,Opermine,Bithora,Binacle,Binacle
689,Barbaracle,ガメノデス,Golgopathe,Thanathora,Barbaracle,Barbaracle
690,Skrelp,クズモー,Venalgue,Algitt,Skrelp,Skrelp
691,Dragalge,ドラミドロ,Kravarech,Tandrak,Dragalge,Dragalge
692,Clauncher,ウデッポウ,Flingouste,Scampisto,Clauncher,Clauncher
693,Clawitzer,ブロスター,Gamblast,Wummer,Clawitzer,Clawitzer
694,Helioptile,エリキテル,Galvaran,Eguana,Helioptile,Helioptile
695,Heliolisk,エレザード,Iguolta,Elezard,Heliolisk,Heliolisk
696,Tyrunt,チゴラス,Ptyranidur,Balgoras,Tyrunt,Tyrunt
697,Tyrantrum,ガチゴラス,Rexillius,Monargoras,Tyrantrum,Tyrantrum
698,Amaura,アマルス,Amagara,Amarino,Amaura,Amaura
699,Aurorus,アマルルガ,Dragmara,Amagarga,Aurorus,Aurorus
700,Sylveon,ニンフィア,Nymphali,Feelinara,Sylveon,Sylveon
701,Hawlucha,ルチャブル,Brutalibré,Resladero,Hawlucha,Hawlucha
702,Dedenne,デデンネ,Dedenne,Dedenne,Dedenne,Dedenne
703,Carbink,メレシー,Strassie,Rocara,Carbink,Carbink
704,Goomy,ヌメラ,Mucuscule,Viscora,Goomy,Goomy
705,Sliggoo,ヌメイル,Colimucus,Viscargot,Sliggoo,Sliggoo
706,Goodra,ヌメルゴン,Muplodocus,Viscogon,Goodra,Goodra
707,Klefki,クレッフィ,Trousselin,Clavion,Klefki,Klefki
708,Phantump,ボクレー,Brocélôme,Paragoni,Phantump,Phantump
709,Trevenant,オーロット,Desséliande,Trombork,Trevenant,Trevenant
710,Pumpkaboo,バケッチャ,Pitrouille,Irrbis,Pumpkaboo,Pumpkaboo
711,Gourgeist,パンプジン,Banshitrouye,Pumpdjinn,Gourgeist,Gourgeist
712,Bergmite,カチコール,Grelaçon,Arktip,Bergmite,Bergmite
713,Avalugg,クレベース,Séracrawl,Arktilas,Avalugg,Avalugg
714,Noibat,オンバット,Sonistrelle,eF-eM,Noibat,Noibat
715,Noivern,オンバーン,Bruyverne,UHaFnir,Noivern,Noivern
716,Xerneas,ゼルネアス,Xerneas,Xerneas,Xerneas,Xerneas
717,Yveltal,イベルタル,Yveltal,Yveltal,Yveltal,Yveltal
718,Zygarde,ジガルデ,Zygarde,Zygarde,Zygarde,Zygarde
719,Diancie,ディアンシー,Diancie,Diancie,Diancie,Diancie
720,Hoopa,フーパ,Hoopa,Hoopa,Hoopa,Hoopa
721,Volcanion,ボルケニオン,Volcanion,Volcanion,Volcanion,Volcanion
722,Rowlet,モクロー,Brindibou,Bauz,Rowlet,Rowlet
723,Dartrix,フクスロー,Efflèche,Arboretoss,Dartrix,Dartrix
724,Decidueye,ジュナイパー,Archéduc,Silvarro,Decidueye,Decidueye
725,Litten,ニャビー,Flamiaou,Flamiau,Litten,Litten
726,Torracat,ニャヒート,Matoufeu,Miezunder,Torracat,Torracat
727,Incineroar,ガオガエン,Félinferno,Fuegro,Incineroar,Incineroar
728,Popplio,アシマリ,Otaquin,Robball,Popplio,Popplio
729,Brionne,オシャマリ,Otarlette,Marikeck,Brionne,Brionne
730,Primarina,アシレーヌ,Oratoria,Primarene,Primarina,Primarina
731,Pikipek,ツツケラ,Picassaut,Peppeck,Pikipek,Pikipek
732,Trumbeak,ケララッパ,Piclairon,Trompeck,Trumbeak,Trumbeak
733,Toucannon,ドデカバシ,Bazoucan,Tukanon,Toucannon,Toucannon
734,Yungoos,ヤングース,Manglouton,Mangunior,Yungoos,Yungoos
735,Gumshoos,デカグース,Argouste,Manguspektor,Gumshoos,Gumshoos
736,Grubbin,アゴジムシ,Larvibule,Mabula,Grubbin,Grubbin
737,Charjabug,デンヂムシ,Chrysapile,Akkup,Charjabug,Charjabug
738,Vikavolt,クワガノン,Lucanon,Donarion,Vikavolt,Vikavolt
739,Crabrawler,マケンカニ,Crabagarre,Krabbox,Crabrawler,Crabrawler
740,Crabominable,ケケンカニ,Crabominable,Krawell,Crabominable,Crabominable
741,Oricorio,オドリドリ,Plumeline,Choreogel,Oricorio,Oricorio
742,Cutiefly,アブリー,Bombydou,Wommel,Cutiefly,Cutiefly
743,Ribombee,アブリボン,Rubombelle,Bandelby,Ribombee,Ribombee
744,Rockruff,イワンコ,Rocabot,Wuffels,Rockruff,Rockruff
745,Lycanroc,ルガルガン,Lougaroc,Wolwerock,Lycanroc,Lycanroc
746,Wishiwashi,ヨワシ,Froussardine,Lusardin,Wishiwashi,Wishiwashi
747,Mareanie,ヒドイデ,Vorastérie,Garstella,Mareanie,Mareanie
748,Toxapex,ドヒドイデ,Prédastérie,Aggrostella,Toxapex,Toxapex
749,Mudbray,ドロバンコ,Tiboudet,Pampuli,Mudbray,Mudbray
750,Mudsdale,バンバドロ,Bourrinos,Pampross,Mudsdale,Mudsdale
751,Dewpider,シズクモ,Araqua,Araqua,Dewpider,Dewpider
752,Araquanid,オニシズクモ,Tarenbulle,Aranestro,Araquanid,Araquanid
753,Fomantis,カリキリ,Mimantis,Imantis,Fomantis,Fomantis
754,Lurantis,ラランテス,Floramantis,Mantidea,Lurantis,Lurantis
755,Morelull,ネマシュ,Spododo,Bubungus,Morelull,Morelull
756,Shiinotic,マシェード,Lampignon,Lamellux,Shiinotic,Shiinotic
757,Salandit,ヤトウモリ,Tritox,Molunk,Salandit,Salandit
758,Salazzle,エンニュート,Malamandre,Amfira,Salazzle,Salazzle
759,Stufful,ヌイコグマ,Nounourson,Velursi,Stufful,Stufful
760,Bewear,キテルグマ,Chelours,Kosturso,Bewear,Bewear
761,Bounsweet,アマカジ,Croquine,Frubberl,Bounsweet,Bounsweet
762,Steenee,アママイコ,Candine,Frubaila,Steenee,Steenee
763,Tsareena,アマージョ,Sucreine,Fruyal,Tsareena,Tsareena
764,Comfey,キュワワー,Guérilande,Curelei,Comfey,Comfey
765,Oranguru,ヤレユータン,Gouroutan,Kommandutan,Oranguru,Oranguru
766,Passimian,ナゲツケサル,Quartermac,Quartermak,Passimian,Passimian
767,Wimpod,コソクムシ,Sovkipou,Reißlaus,Wimpod,Wimpod
768,Golisopod,グソクムシャ,Sarmuraï,Tectass,Golisopod,Golisopod
769,Sandygast,スナバァ,Bacabouh,Sankabuh,Sandygast,Sandygast
770,Palossand,シロデスナ,Trépassable,Colossand,Palossand,Palossand
771,Pyukumuku,ナマコブシ,Concombaffe,Gufa,Pyukumuku,Pyukumuku
772,Type: Null,タイプ：ヌル,Type:0,Typ:Null,Código Cero,Tipo Zero
773,Silvally,シルヴァディ,Silvallié,Amigento,Silvally,Silvally
774,Minior,メテノ,Météno,Meteno,Minior,Minior
775,Komala,ネッコアラ,Dodoala,Koalelu,Komala,Komala
776,Turtonator,バクガメス,Boumata,Tortunator,Turtonator,Turtonator
777,Togedemaru,トゲデマル,Togedemaru,Togedemaru,Togedemaru,Togedemaru
778,Mimikyu,ミミッキュ,Mimiqui,Mimigma,Mimikyu,Mimikyu
779,Bruxish,ハギギシリ,Denticrisse,Knirfish,Bruxish,Bruxish
780,Drampa,ジジーロン,Draïeul,Sen-Long,Drampa,Drampa
781,Dhelmise,ダダリン,Sinistrail,Moruda,Dhelmise,Dhelmise
782,Jangmo-o,ジャラコ,Bébécaille,Miniras,Jangmo-o,Jangmo-o
783,Hakamo-o,ジャランゴ,Écaïd,Mediras,Hakamo-o,Hakamo-o
784,Kommo-o,ジャラランガ,Ékaïser,Grandiras,Kommo-o,Kommo-o
785,Tapu Koko,カプ・コケコ,Tokorico,Kapu-Riki,Tapu Koko,Tapu Koko
786,Tapu Lele,カプ・テテフ,Tokopiyon,Kapu-Fala,Tapu Lele,Tapu Lele
787,Tapu Bulu,カプ・ブルル,Tokotoro,Kapu-Toro,Tapu Bulu,Tapu Bulu
788,Tapu Fini,カプ・レヒレ,Tokopisco,Kapu-Kime,Tapu Fini,Tapu Fini
789,Cosmog,コスモッグ,Cosmog,Cosmog,Cosmog,Cosmog
790,Cosmoem,コスモウム,Cosmovum,Cosmovum,Cosmoem,Cosmoem
791,Solgaleo,ソルガレオ,Solgaleo,Solgaleo,Solgaleo,Solgaleo
792,Lunala,ルナアーラ,Lunala,Lunala,Lunala,Lunala
793,Nihilego,ウツロイド,Zéroïd,Anego,Nihilego,Nihilego
794,Buzzwole,マッシブーン,Mouscoto,Masskito,Buzzwole,Buzzwole
795,Pheromosa,フェローチェ,Cancrelove,Schabelle,Pheromosa,Pheromosa
796,Xurkitree,デンジュモク,Câblifère,Voltriant,Xurkitree,Xurkitree
797,Celesteela,テッカグヤ,Bamboiselle,Kaguron,Celesteela,Celesteela
798,Kartana,カミツルギ,Katagami,Katagami,Kartana,Kartana
799,Guzzlord,アクジキング,Engloutyran,Schlingking,Guzzlord,Guzzlord
800,Necrozma,ネクロズマ,Necrozma,Necrozma,Necrozma,Necrozma
801,Magearna,マギアナ,Magearna,Magearna,Magearna,Magearna
802,Marshadow,マーシャドー,Marshadow,Marshadow,Marshadow,Marshadow
803,Poipole,ベベノム,Vémini,Venicro,Poipole,Poipole
804,Naganadel,アーゴヨン,Mandrillon,Agoyon,Naganadel,Naganadel
805,Stakataka,ツンデツンデ,Ama-Ama,Muramura,Stakataka,Stakataka
806,Blacephalon,ズガドーン,Pierroteknik,Kopplosio,Blacephalon,Blacephalon
807,Zeraora,ゼラオラ,Zeraora,Zeraora,Zeraora,Zeraora
808,Meltan,メルタン,Meltan,Meltan,Meltan,Meltan
809,Melmetal,メルメタル,Melmetal,Melmetal,Melmetal,Melmetal
810,Grookey,サルノリ,Ouistempo,Chimpep,Grookey,Grookey
811,Thwackey,バチンキー,Badabouin,Chimstix,Thwackey,Thwackey
812,Rillaboom,ゴリランダー,Gorythmic,Gortrom,Rillaboom,Rillaboom
813,Scorbunny,ヒバニー,Flambino,Hopplo,Scorbunny,Scorbunny
814,Raboot,ラビフット,Lapyro,Kickerlo,Raboot,Raboot
815,Cinderace,エースバーン,Pyrobut,Liberlo,Cinderace,Cinderace
816,Sobble,メッソン,Larméléon,Memmeon,Sobble,Sobble
817,Drizzile,ジメレオン,Arrozard,Phlegleon,Drizzile,Drizzile
818,Inteleon,インテレオン,Lézargus,Intelleon,Inteleon,Inteleon
819,Skwovet,ホシガリス,Rongourmand,Raffel,Skwovet,Skwovet
820,Greedent,ヨクバリス,Rongrigou,Schlaraffel,Greedent,Greedent
821,Rookidee,ココガラ,Minisange,Meikro,Rookidee,Rookidee
822,Corvisquire,アオガラス,Bleuseille,Kranoviz,Corvisquire,Corvisquire
823,Corviknight,アーマーガア,Corvaillus,Krarmor,Corviknight,Corviknight
824,Blipbug,サッチムシ,Larvadar,Sensect,Blipbug,Blipbug
825,Dottler,レドームシ,Coléodôme,Keradar,Dottler,Dottler
826,Orbeetle,イオルブ,Astronelle,Maritellit,Orbeetle,Orbeetle
827,Nickit,クスネ,Goupilou,Kleptifux,Nickit,Nickit
828,Thievul,フォクスライ,Roublenard,Gaunux,Thievul,Thievul
829,Gossifleur,ヒメンカ,Tournicoton,Cottini,Gossifleur,Gossifleur
830,Eldegoss,ワタシラガ,Blancoton,Cottomi,Eldegoss,Eldegoss
831,Wooloo,ウールー,Moumouton,Wolly,Wooloo,Wooloo
832,Dubwool,バイウールー,Moumouflon,Zwollock,Dubwool,Dubwool
833,Chewtle,カムカメ,Khélocrok,Kamehaps,Chewtle,Chewtle
834,Drednaw,カジリガメ,Torgamord,Kamalm,Drednaw,Drednaw
835,Yamper,ワンパチ,Voltoutou,Voldi,Yamper,Yamper
836,Boltund,パルスワン,Fulgudog,Bellektro,Boltund,Boltund
837,Rolycoly,タンドン,Charbi,Klonkett,Rolycoly,Rolycoly
838,Carkol,トロッゴン,Wagomine,Wagong,Carkol,Carkol
839,Coalossal,セキタンザン,Monthracite,Montecarbo,Coalossal,Coalossal
840,Applin,カジッチュ,Verpom,Knapfel,Applin,Applin
841,Flapple,アップリュー,Pomdrapi,Drapfel,Flapple,Flapple
842,Appletun,タルップル,Dratatin,Schlapfel,Appletun,Appletun
843,Silicobra,スナヘビ,Dunaja,Salanga,Silicobra,Silicobra
844,Sandaconda,サダイジャ,Dunaconda,Sanaconda,Sandaconda,Sandaconda
845,Cramorant,ウッウ,Nigosier,Urgl,Cramorant,Cramorant
846,Arrokuda,サシカマス,Embrochet,Pikuda,Arrokuda,Arrokuda
847,Barraskewda,カマスジョー,Hastacuda,Barrakiefa,Barraskewda,Barraskewda
848,Toxel,エレズン,Toxizap,Toxel,Toxel,Toxel
849,Toxtricity,ストリンダー,Salarsen,Riffex,Toxtricity,Toxtricity
850,Sizzlipede,ヤクデ,Grillepattes,Thermopod,Sizzlipede,Sizzlipede
851,Centiskorch,マルヤクデ,Scolocendre,Infernopod,Centiskorch,Centiskorch
852,Clobbopus,タタッコ,Poulpaf,Klopptopus,Clobbopus,Clobbopus
853,Grapploct,オトスパス,Krakos,Kaocto,Grapploct,Grapploct
854,Sinistea,ヤバチャ,Théffroi,Fatalitee,Sinistea,Sinistea
855,Polteageist,ポットデス,Polthégeist,Mortipot,Polteageist,Polteageist
856,Hatenna,ミブリム,Bibichut,Brimova,Hatenna,Hatenna
857,Hattrem,テブリム,Chapotus,Brimano,Hattrem,Hattrem
858,Hatterene,ブリムオン,Sorcilence,Silembrim,Hatterene,Hatterene
859,Impidimp,ベロバー,Grimalin,Bähmon,Impidimp,Impidimp
860,Morgrem,ギモー,Fourbelin,Pelzebub,Morgrem,Morgrem
861,Grimmsnarl,オーロンゲ,Angoliath,Olangaar,Grimmsnarl,Grimmsnarl
862,Obstagoon,タチフサグマ,Ixon,Barrikadax,Obstagoon,Obstagoon
863,Perrserker,ニャイキング,Berserkatt,Mauzinger,Perrserker,Perrserker
864,Cursola,サニゴーン,Corayôme,Gorgasonn,Cursola,Cursola
865,Sirfetch’d,ネギガナイト,Palarticho,Lauchzelot,Sirfetch’d,Sirfetch’d
866,Mr. Rime,バリコオル,M. Glaquette,Pantifrost,Mr. Rime,Mr. Rime
867,Runerigus,デスバーン,Tutétékri,Oghnatoll,Runerigus,Runerigus
868,Milcery,マホミル,Crèmy,Hokumil,Milcery,Milcery
869,Alcremie,マホイップ,Charmilly,Pokusan,Alcremie,Alcremie
870,Falinks,タイレーツ,Hexadron,Legios,Falinks,Falinks
871,Pincurchin,バチンウニ,Wattapik,Britzigel,Pincurchin,Pincurchin
872,Snom,ユキハミ,Frissonille,Snomnom,Snom,Snom
873,Frosmoth,モスノウ,Beldeneige,Mottineva,Frosmoth,Frosmoth
874,Stonjourner,イシヘンジン,Dolman,Humanolith,Stonjourner,Stonjourner
875,Eiscue,コオリッポ,Bekaglaçon,Kubuin,Eiscue,Eiscue
876,Indeedee,イエッサン,Wimessir,Servol,Indeedee,Indeedee
877,Morpeko,モルペコ,Morpeko,Morpeko,Morpeko,Morpeko
878,Cufant,ゾウドウ,Charibari,Kupfanti,Cufant,Cufant
879,Copperajah,ダイオウドウ,Pachyradjah,Patinaraja,Copperajah,Copperajah
880,Dracozolt,パッチラゴン,Galvagon,Lectragon,Dracozolt,Dracozolt
881,Arctozolt,パッチルドン,Galvagla,Lecryodon,Arctozolt,Arctozolt
882,Dracovish,ウオノラゴン,Hydragon,Pescragon,Dracovish,Dracovish
883,Arctovish,ウオチルドン,Hydragla,Pescryodon,Arctovish,Arctovish
884,Duraludon,ジュラルドン,Duralugon,Duraludon,Duraludon,Duraludon
885,Dreepy,ドラメシヤ,Fantyrm,Grolldra,Dreepy,Dreepy
886,Drakloak,ドロンチ,Dispareptil,Phandra,Drakloak,Drakloak
887,Dragapult,ドラパルト,Lanssorien,Katapuldra,Dragapult,Dragapult
888,Zacian,ザシアン,Zacian,Zacian,Zacian,Zacian
889,Zamazenta,ザマゼンタ,Zamazenta,Zamazenta,Zamazenta,Zamazenta
890,Eternatus,ムゲンダイナ,Éthernatos,Endynalos,Eternatus,Eternatus
891,Kubfu,ダクマ,Wushours,Dakuma,Kubfu,Kubfu
892,Urshifu,ウーラオス,Shifours,Wulaosu,Urshifu,Urshifu
893,Zarude,ザルード,Zarude,Zarude,Zarude,Zarude
894,Regieleki,レジエレキ,Regieleki,Regieleki,Regieleki,Regieleki
895,Regidrago,レジドラゴ,Regidrago,Regidrago,Regidrago,Regidrago
896,Glastrier,ブリザポス,Blizzeval,Polaross,Glastrier,Glastrier
897,Spectrier,レイスポス,Spectreval,Phantoross,Spectrier,Spectrier
898,Calyrex,バドレックス,Sylveroy,Coronospa,Calyrex,Calyrex
899,Wyrdeer,アヤシシ,Cerbyllin,Damythir,Wyrdeer,Wyrdeer
900,Kleavor,バサギリ,Hachécateur,Axantor,Kleavor,Kleavor
901,Ursaluna,ガチグマ,Ursaking,Ursaluna,Ursaluna,Ursaluna
902,Basculegion,イダイトウ,Paragruel,Salmagnis,Basculegion,Basculegion
903,Sneasler,オオニューラ,Farfurex,Snieboss,Sneasler,Sneasler
904,Overqwil,ハリーマン,Qwilpik,Myriador,Overqwil,Overqwil
905,Enamorus,ラブトロス,Amovénus,Cupidos,Enamorus,Enamorus
906,Sprigatito,ニャオハ,Poussacha,Felori,Sprigatito,Sprigatito
907,Floragato,ニャローテ,Matourgeon,Feliospa,Floragato,Floragato
908,Meowscarada,マスカーニャ,Miascarade,Maskagato,Meowscarada,Meowscarada
909,Fuecoco,ホゲータ,Chochodile,Krokel,Fuecoco,Fuecoco
910,Crocalor,アチゲータ,Crocogril,Lokroko,Crocalor,Crocalor
911,Skeledirge,ラウドボーン,Flâmigator,Skelokrok,Skeledirge,Skeledirge
912,Quaxly,クワッス,Coiffeton,Kwaks,Quaxly,Quaxly
913,Quaxwell,ウェルカモ,Canarbello,Fuentente,Quaxwell,Quaxwell
914,Quaquaval,ウェーニバル,Palmaval,Bailonda,Quaquaval,Quaquaval
915,Lechonk,グルトン,Gourmelet,Ferkuli,Lechonk,Lechonk
916,Oinkologne,パフュートン,Fragroin,Fragrunz,Oinkologne,Oinkologne
917,Tarountula,タマンチュラ,Tissenboule,Tarundel,Tarountula,Tarountula
918,Spidops,ワナイダー,Filentrappe,Spinsidias,Spidops,Spidops
919,Nymble,マメバッタ,Lilliterelle,Micrick,Nymble,Nymble
920,Lokix,エクスレッグ,Gambex,Lextremo,Lokix,Lokix
921,Pawmi,パモ,Pohm,Pamo,Pawmi,Pawmi
922,Pawmo,パモット,Pohmotte,Pamamo,Pawmo,Pawmo
923,Pawmot,パーモット,Pohmarmotte,Pamomamo,Pawmot,Pawmot
924,Tandemaus,ワッカネズミ,Compagnol,Zwieps,Tandemaus,Tandemaus
925,Maushold,イッカネズミ,Famignol,Famieps,Maushold,Maushold
926,Fidough,パピモッチ,Pâtachiot,Hefel,Fidough,Fidough
927,Dachsbun,バウッツェル,Briochien,Backel,Dachsbun,Dachsbun
928,Smoliv,ミニーブ,Olivini,Olini,Smoliv,Smoliv
929,Dolliv,オリーニョ,Olivado,Olivinio,Dolliv,Dolliv
930,Arboliva,オリーヴァ,Arboliva,Olithena,Arboliva,Arboliva
931,Squawkabilly,イキリンコ,Tapatoès,Krawalloro,Squawkabilly,Squawkabilly
932,Nacli,コジオ,Selutin,Geosali,Nacli,Nacli
933,Naclstack,ジオヅム,Amassel,Sedisal,Naclstack,Naclstack
934,Garganacl,キョジオーン,Gigansel,Saltigant,Garganacl,Garganacl
935,Charcadet,カルボウ,Charbambin,Knarbon,Charcadet,Charcadet
936,Armarouge,グレンアルマ,Carmadura,Crimanzo,Armarouge,Armarouge
937,Ceruledge,ソウブレイズ,Malvalame,Azugladis,Ceruledge,Ceruledge
938,Tadbulb,ズピカ,Têtampoule,Blipp,Tadbulb,Tadbulb
939,Bellibolt,ハラバリー,Ampibidou,Wampitz,Bellibolt,Bellibolt
940,Wattrel,カイデン,Zapétrel,Voltrel,Wattrel,Wattrel
941,Kilowattrel,タイカイデン,Fulgulairo,Voltrean,Kilowattrel,Kilowattrel
942,Maschiff,オラチフ,Grondogue,Mobtiff,Maschiff,Maschiff
943,Mabosstiff,マフィティフ,Dogrino,Mastifioso,Mabosstiff,Mabosstiff
944,Shroodle,シルシュルー,Gribouraigne,Sproxi,Shroodle,Shroodle
945,Grafaiai,タギングル,Tag-Tag,Affiti,Grafaiai,Grafaiai
946,Bramblin,アノクサ,Virovent,Weherba,Bramblin,Bramblin
947,Brambleghast,アノホラグサ,Virevorreur,Horrerba,Brambleghast,Brambleghast
948,Toedscool,ノノクラゲ,Terracool,Tentagra,Toedscool,Toedscool
949,Toedscruel,リククラゲ,Terracruel,Tenterra,Toedscruel,Toedscruel
950,Klawf,ガケガニ,Craparoi,Klibbe,Klawf,Klawf
951,Capsakid,カプサイジ,Pimito,Chilingel,Capsakid,Capsakid
952,Scovillain,スコヴィラン,Scovilain,Halupenjo,Scovillain,Scovillain
953,Rellor,シガロコ,Léboulérou,Relluk,Rellor,Rellor
954,Rabsca,ベラカス,Bérasca,Skarabaks,Rabsca,Rabsca
955,Flittle,ヒラヒナ,Flotillon,Flattutu,Flittle,Flittle
956,Espathra,クエスパトラ,Cléopsytra,Psiopatra,Espathra,Espathra
957,Tinkatink,カヌチャン,Forgerette,Forgita,Tinkatink,Tinkatink
958,Tinkatuff,ナカヌチャン,Forgella,Tafforgita,Tinkatuff,Tinkatuff
959,Tinkaton,デカヌチャン,Forgelina,Granforgita,Tinkaton,Tinkaton
960,Wiglett,ウミディグダ,Taupikeau,Schligda,Wiglett,Wiglett
961,Wugtrio,ウミトリオ,Triopikeau,Schligdri,Wugtrio,Wugtrio
962,Bombirdier,オトシドリ,Lestombaile,Adebom,Bombirdier,Bombirdier
963,Finizen,ナミイルカ,Dofin,Normifin,Finizen,Finizen
964,Palafin,イルカマン,Superdofin,Delfinator,Palafin,Palafin
965,Varoom,ブロロン,Vrombi,Knattox,Varoom,Varoom
966,Revavroom,ブロロローム,Vrombotor,Knattatox,Revavroom,Revavroom
967,Cyclizar,モトトカゲ,Motorizard,Mopex,Cyclizar,Cyclizar
968,Orthworm,ミミズズ,Ferdeter,Schlurm,Orthworm,Orthworm
969,Glimmet,キラーメ,Germéclat,Lumispross,Glimmet,Glimmet
970,Glimmora,キラフロル,Floréclat,Lumiflora,Glimmora,Glimmora
971,Greavard,ボチ,Toutombe,Gruff,Greavard,Greavard
972,Houndstone,ハカドッグ,Tomberro,Friedwuff,Houndstone,Houndstone
973,Flamigo,カラミンゴ,Flamenroule,Flaminkno,Flamigo,Flamigo
974,Cetoddle,アルクジラ,Piétacé,Flaniwal,Cetoddle,Cetoddle
975,Cetitan,ハルクジラ,Balbalèze,Kolowal,Cetitan,Cetitan
976,Veluza,ミガルーサ,Délestin,Agiluza,Veluza,Veluza
977,Dondozo,ヘイラッシャ,Oyacata,Heerashai,Dondozo,Dondozo
978,Tatsugiri,シャリタツ,Nigirigon,Nigiragi,Tatsugiri,Tatsugiri
979,Annihilape,コノヨザル,Courrousinge,Epitaff,Annihilape,Annihilape
980,Clodsire,ドオー,Terraiste,Suelord,Clodsire,Clodsire
981,Farigiraf,リキキリン,Farigiraf,Farigiraf,Farigiraf,Farigiraf
982,Dudunsparce,ノココッチ,Deusolourdo,Dummimisel,Dudunsparce,Dudunsparce
983,Kingambit,ドドゲザン,Scalpereur,Gladimperio,Kingambit,Kingambit
984,Great Tusk,イダイナキバ,Fort-Ivoire,Riesenzahn,Colmilargo,Grandizanne
985,Scream Tail,サケブシッポ,Hurle-Queue,Brüllschweif,Colagrito,Codaurlante
986,Brute Bonnet,アラブルタケ,Fongus-Furie,Wutpilz,Furioseta,Fungofurioso
987,Flutter Mane,ハバタクカミ,Flotte-Mèche,Flatterhaar,Melenaleteo,Crinealato
988,Slither Wing,チヲハウハネ,Rampe-Ailes,Kriechflügel,Reptalada,Alirasenti
989,Sandy Shocks,スナノケガワ,Pelage-Sablé,Sandfell,Pelarena,Peldisabbia
990,Iron Treads,テツノワダチ,Roue-de-Fer,Eisenrad,Ferrodada,Solcoferreo
991,Iron Bundle,テツノツツミ,Hotte-de-Fer,Eisenbündel,Ferrosaco,Saccoferreo
992,Iron Hands,テツノカイナ,Paume-de-Fer,Eisenhand,Ferropalmas,Manoferrea
993,Iron Jugulis,テツノコウベ,Têtes-de-Fer,Eisenhals,Ferrocuello,Colloferreo
994,Iron Moth,テツノドクガ,Mite-de-Fer,Eisenfalter,Ferropolilla,Falenaferrea
995,Iron Thorns,テツノイバラ,Épine-de-Fer,Eisendorn,Ferropúas,Spineferree
996,Frigibax,セビエ,Frigodo,Frospino,Frigibax,Frigibax
997,Arctibax,セゴール,Cryodo,Cryospino,Arctibax,Arctibax
998,Baxcalibur,セグレイブ,Glaivodo,Espinodon,Baxcalibur,Baxcalibur
999,Gimmighoul,コレクレー,Mordudor,Gierspenst,Gimmighoul,Gimmighoul
1000,Gholdengo,サーフゴー,Gromago,Monetigo,Gholdengo,Gholdengo
1001,Wo-Chien,チオンジェン,Chongjian,Chongjian,Wo-Chien,Wo-Chien
1002,Chien-Pao,パオジアン,Baojian,Baojian,Chien-Pao,Chien-Pao
1003,Ting-Lu,ディンルー,Dinglu,Dinglu,Ting-Lu,Ting-Lu
1004,Chi-Yu,イーユイ,Yuyu,Yuyu,Chi-Yu,Chi-Yu
1005,Roaring Moon,トドロクツキ,Rugit-Lune,Donnersichel,Bramaluna,Lunaruggente
1006,Iron Valiant,テツノブジン,Garde-de-Fer,Eisenkrieger,Ferropaladín,Eroeferreo
1007,Koraidon,コライドン,Koraidon,Koraidon,Koraidon,Koraidon
1008,Miraidon,ミライドン,Miraidon,Miraidon,Miraidon,Miraidon
1009,Walking Wake,ウネルミナモ,Serpente-Eau,Windewoge,Ondulagua,Acquecrespe
1010,Iron Leaves,テツノイサハ,Vert-de-Fer,Eisenblatt,Ferroverdor,Fogliaferrea
1011,Dipplin,カミッチュ,Pomdramour,Sirapfel,Dipplin,Dipplin
1012,Poltchageist,チャデス,Poltchageist,Mortcha,Poltchageist,Poltchageist
1013,Sinistcha,ヤバソチャ,Théffroyable,Fatalitcha,Sinistcha,Sinistcha
1014,Okidogi,イイネイヌ,Félicanis,Boninu,Okidogi,Okidogi
1015,Munkidori,マシマシラ,Fortusimia,Benesaru,Munkidori,Munkidori
1016,Fezandipiti,キチキギス,Favianos,Beatori,Fezandipiti,Fezandipiti
1017,Ogerpon,オーガポン,Ogerpon,Ogerpon,Ogerpon,Ogerpon
1018,Archaludon,ブリジュラス,Pondralugon,Briduradon,Archaludon,Archaludon
1019,Hydrapple,カミツオロチ,Pomdorochi,Hydrapfel,Hydrapple,Hydrapple
1020,Gouging Fire,ウガツホムラ,Feu-Perçant,Keilflamme,Flamariete,Vampeaguzze
1021,Raging Bolt,タケルライコ,Ire-Foudre,Furienblitz,Electrofuria,Furiatonante
1022,Iron Boulder,テツノイワオ,Roc-de-Fer,Eisenfels,Ferromole,Massoferreo
1023,Iron Crown,テツノカシラ,Chef-de-Fer,Eisenhaupt,Ferrotesta,Capoferreo
1024,Terapagos,テラパゴス,Terapagos,Terapagos,Terapagos,Terapagos
1025,Pecharunt,モモワロウ,Pêchaminus,Infamomo,Pecharunt,Pecharunt
